1,/home/deeplearning/Desktop/FaceDetection/test10/aligned-images/Keanu_Reeves/Keanu_Reeves_0007.png
1,/home/deeplearning/Desktop/FaceDetection/test10/aligned-images/Keanu_Reeves/Keanu_Reeves_0012.png
1,/home/deeplearning/Desktop/FaceDetection/test10/aligned-images/Keanu_Reeves/Keanu_Reeves_0008.png
1,/home/deeplearning/Desktop/FaceDetection/test10/aligned-images/Keanu_Reeves/Keanu_Reeves_0010.png
1,/home/deeplearning/Desktop/FaceDetection/test10/aligned-images/Keanu_Reeves/Keanu_Reeves_0001.png
1,/home/deeplearning/Desktop/FaceDetection/test10/aligned-images/Keanu_Reeves/Keanu_Reeves_0003.png
1,/home/deeplearning/Desktop/FaceDetection/test10/aligned-images/Keanu_Reeves/Keanu_Reeves_0005.png
1,/home/deeplearning/Desktop/FaceDetection/test10/aligned-images/Keanu_Reeves/Keanu_Reeves_0009.png
1,/home/deeplearning/Desktop/FaceDetection/test10/aligned-images/Keanu_Reeves/Keanu_Reeves_0011.png
1,/home/deeplearning/Desktop/FaceDetection/test10/aligned-images/Keanu_Reeves/Keanu_Reeves_0002.png
1,/home/deeplearning/Desktop/FaceDetection/test10/aligned-images/Keanu_Reeves/Keanu_Reeves_0006.png
1,/home/deeplearning/Desktop/FaceDetection/test10/aligned-images/Keanu_Reeves/Keanu_Reeves_0004.png
2,/home/deeplearning/Desktop/FaceDetection/test10/aligned-images/Emma_Watson/Emma_Watson_0001.png
2,/home/deeplearning/Desktop/FaceDetection/test10/aligned-images/Emma_Watson/Emma_Watson_0005.png
2,/home/deeplearning/Desktop/FaceDetection/test10/aligned-images/Emma_Watson/Emma_Watson_0002.png
2,/home/deeplearning/Desktop/FaceDetection/test10/aligned-images/Emma_Watson/Emma_Watson_0003.png
2,/home/deeplearning/Desktop/FaceDetection/test10/aligned-images/Emma_Watson/Emma_Watson_0004.png
3,/home/deeplearning/Desktop/FaceDetection/test10/aligned-images/Ariel_Sharon/Ariel_Sharon_0003.png
3,/home/deeplearning/Desktop/FaceDetection/test10/aligned-images/Ariel_Sharon/Ariel_Sharon_0049.png
3,/home/deeplearning/Desktop/FaceDetection/test10/aligned-images/Ariel_Sharon/Ariel_Sharon_0005.png
3,/home/deeplearning/Desktop/FaceDetection/test10/aligned-images/Ariel_Sharon/Ariel_Sharon_0034.png
3,/home/deeplearning/Desktop/FaceDetection/test10/aligned-images/Ariel_Sharon/Ariel_Sharon_0001.png
3,/home/deeplearning/Desktop/FaceDetection/test10/aligned-images/Ariel_Sharon/Ariel_Sharon_0014.png
3,/home/deeplearning/Desktop/FaceDetection/test10/aligned-images/Ariel_Sharon/Ariel_Sharon_0015.png
3,/home/deeplearning/Desktop/FaceDetection/test10/aligned-images/Ariel_Sharon/Ariel_Sharon_0057.png
3,/home/deeplearning/Desktop/FaceDetection/test10/aligned-images/Ariel_Sharon/Ariel_Sharon_0006.png
3,/home/deeplearning/Desktop/FaceDetection/test10/aligned-images/Ariel_Sharon/Ariel_Sharon_0038.png
3,/home/deeplearning/Desktop/FaceDetection/test10/aligned-images/Ariel_Sharon/Ariel_Sharon_0046.png
3,/home/deeplearning/Desktop/FaceDetection/test10/aligned-images/Ariel_Sharon/Ariel_Sharon_0012.png
3,/home/deeplearning/Desktop/FaceDetection/test10/aligned-images/Ariel_Sharon/Ariel_Sharon_0066.png
3,/home/deeplearning/Desktop/FaceDetection/test10/aligned-images/Ariel_Sharon/Ariel_Sharon_0029.png
3,/home/deeplearning/Desktop/FaceDetection/test10/aligned-images/Ariel_Sharon/Ariel_Sharon_0077.png
3,/home/deeplearning/Desktop/FaceDetection/test10/aligned-images/Ariel_Sharon/Ariel_Sharon_0028.png
3,/home/deeplearning/Desktop/FaceDetection/test10/aligned-images/Ariel_Sharon/Ariel_Sharon_0053.png
3,/home/deeplearning/Desktop/FaceDetection/test10/aligned-images/Ariel_Sharon/Ariel_Sharon_0048.png
3,/home/deeplearning/Desktop/FaceDetection/test10/aligned-images/Ariel_Sharon/Ariel_Sharon_0067.png
3,/home/deeplearning/Desktop/FaceDetection/test10/aligned-images/Ariel_Sharon/Ariel_Sharon_0045.png
3,/home/deeplearning/Desktop/FaceDetection/test10/aligned-images/Ariel_Sharon/Ariel_Sharon_0002.png
3,/home/deeplearning/Desktop/FaceDetection/test10/aligned-images/Ariel_Sharon/Ariel_Sharon_0027.png
3,/home/deeplearning/Desktop/FaceDetection/test10/aligned-images/Ariel_Sharon/Ariel_Sharon_0064.png
3,/home/deeplearning/Desktop/FaceDetection/test10/aligned-images/Ariel_Sharon/Ariel_Sharon_0054.png
3,/home/deeplearning/Desktop/FaceDetection/test10/aligned-images/Ariel_Sharon/Ariel_Sharon_0020.png
3,/home/deeplearning/Desktop/FaceDetection/test10/aligned-images/Ariel_Sharon/Ariel_Sharon_0062.png
3,/home/deeplearning/Desktop/FaceDetection/test10/aligned-images/Ariel_Sharon/Ariel_Sharon_0055.png
3,/home/deeplearning/Desktop/FaceDetection/test10/aligned-images/Ariel_Sharon/Ariel_Sharon_0037.png
3,/home/deeplearning/Desktop/FaceDetection/test10/aligned-images/Ariel_Sharon/Ariel_Sharon_0060.png
3,/home/deeplearning/Desktop/FaceDetection/test10/aligned-images/Ariel_Sharon/Ariel_Sharon_0022.png
3,/home/deeplearning/Desktop/FaceDetection/test10/aligned-images/Ariel_Sharon/Ariel_Sharon_0004.png
3,/home/deeplearning/Desktop/FaceDetection/test10/aligned-images/Ariel_Sharon/Ariel_Sharon_0019.png
3,/home/deeplearning/Desktop/FaceDetection/test10/aligned-images/Ariel_Sharon/Ariel_Sharon_0033.png
3,/home/deeplearning/Desktop/FaceDetection/test10/aligned-images/Ariel_Sharon/Ariel_Sharon_0021.png
3,/home/deeplearning/Desktop/FaceDetection/test10/aligned-images/Ariel_Sharon/Ariel_Sharon_0074.png
3,/home/deeplearning/Desktop/FaceDetection/test10/aligned-images/Ariel_Sharon/Ariel_Sharon_0032.png
3,/home/deeplearning/Desktop/FaceDetection/test10/aligned-images/Ariel_Sharon/Ariel_Sharon_0050.png
3,/home/deeplearning/Desktop/FaceDetection/test10/aligned-images/Ariel_Sharon/Ariel_Sharon_0023.png
3,/home/deeplearning/Desktop/FaceDetection/test10/aligned-images/Ariel_Sharon/Ariel_Sharon_0076.png
3,/home/deeplearning/Desktop/FaceDetection/test10/aligned-images/Ariel_Sharon/Ariel_Sharon_0043.png
3,/home/deeplearning/Desktop/FaceDetection/test10/aligned-images/Ariel_Sharon/Ariel_Sharon_0052.png
3,/home/deeplearning/Desktop/FaceDetection/test10/aligned-images/Ariel_Sharon/Ariel_Sharon_0030.png
3,/home/deeplearning/Desktop/FaceDetection/test10/aligned-images/Ariel_Sharon/Ariel_Sharon_0070.png
3,/home/deeplearning/Desktop/FaceDetection/test10/aligned-images/Ariel_Sharon/Ariel_Sharon_0040.png
3,/home/deeplearning/Desktop/FaceDetection/test10/aligned-images/Ariel_Sharon/Ariel_Sharon_0011.png
3,/home/deeplearning/Desktop/FaceDetection/test10/aligned-images/Ariel_Sharon/Ariel_Sharon_0009.png
3,/home/deeplearning/Desktop/FaceDetection/test10/aligned-images/Ariel_Sharon/Ariel_Sharon_0061.png
3,/home/deeplearning/Desktop/FaceDetection/test10/aligned-images/Ariel_Sharon/Ariel_Sharon_0035.png
3,/home/deeplearning/Desktop/FaceDetection/test10/aligned-images/Ariel_Sharon/Ariel_Sharon_0075.png
3,/home/deeplearning/Desktop/FaceDetection/test10/aligned-images/Ariel_Sharon/Ariel_Sharon_0051.png
3,/home/deeplearning/Desktop/FaceDetection/test10/aligned-images/Ariel_Sharon/Ariel_Sharon_0026.png
3,/home/deeplearning/Desktop/FaceDetection/test10/aligned-images/Ariel_Sharon/Ariel_Sharon_0010.png
3,/home/deeplearning/Desktop/FaceDetection/test10/aligned-images/Ariel_Sharon/Ariel_Sharon_0036.png
3,/home/deeplearning/Desktop/FaceDetection/test10/aligned-images/Ariel_Sharon/Ariel_Sharon_0071.png
3,/home/deeplearning/Desktop/FaceDetection/test10/aligned-images/Ariel_Sharon/Ariel_Sharon_0072.png
3,/home/deeplearning/Desktop/FaceDetection/test10/aligned-images/Ariel_Sharon/Ariel_Sharon_0047.png
3,/home/deeplearning/Desktop/FaceDetection/test10/aligned-images/Ariel_Sharon/Ariel_Sharon_0007.png
3,/home/deeplearning/Desktop/FaceDetection/test10/aligned-images/Ariel_Sharon/Ariel_Sharon_0044.png
3,/home/deeplearning/Desktop/FaceDetection/test10/aligned-images/Ariel_Sharon/Ariel_Sharon_0063.png
3,/home/deeplearning/Desktop/FaceDetection/test10/aligned-images/Ariel_Sharon/Ariel_Sharon_0018.png
3,/home/deeplearning/Desktop/FaceDetection/test10/aligned-images/Ariel_Sharon/Ariel_Sharon_0039.png
3,/home/deeplearning/Desktop/FaceDetection/test10/aligned-images/Ariel_Sharon/Ariel_Sharon_0065.png
3,/home/deeplearning/Desktop/FaceDetection/test10/aligned-images/Ariel_Sharon/Ariel_Sharon_0031.png
3,/home/deeplearning/Desktop/FaceDetection/test10/aligned-images/Ariel_Sharon/Ariel_Sharon_0058.png
3,/home/deeplearning/Desktop/FaceDetection/test10/aligned-images/Ariel_Sharon/Ariel_Sharon_0013.png
3,/home/deeplearning/Desktop/FaceDetection/test10/aligned-images/Ariel_Sharon/Ariel_Sharon_0008.png
3,/home/deeplearning/Desktop/FaceDetection/test10/aligned-images/Ariel_Sharon/Ariel_Sharon_0069.png
3,/home/deeplearning/Desktop/FaceDetection/test10/aligned-images/Ariel_Sharon/Ariel_Sharon_0056.png
3,/home/deeplearning/Desktop/FaceDetection/test10/aligned-images/Ariel_Sharon/Ariel_Sharon_0016.png
3,/home/deeplearning/Desktop/FaceDetection/test10/aligned-images/Ariel_Sharon/Ariel_Sharon_0068.png
3,/home/deeplearning/Desktop/FaceDetection/test10/aligned-images/Ariel_Sharon/Ariel_Sharon_0042.png
3,/home/deeplearning/Desktop/FaceDetection/test10/aligned-images/Ariel_Sharon/Ariel_Sharon_0041.png
3,/home/deeplearning/Desktop/FaceDetection/test10/aligned-images/Ariel_Sharon/Ariel_Sharon_0017.png
3,/home/deeplearning/Desktop/FaceDetection/test10/aligned-images/Ariel_Sharon/Ariel_Sharon_0024.png
3,/home/deeplearning/Desktop/FaceDetection/test10/aligned-images/Ariel_Sharon/Ariel_Sharon_0073.png
3,/home/deeplearning/Desktop/FaceDetection/test10/aligned-images/Ariel_Sharon/Ariel_Sharon_0059.png
3,/home/deeplearning/Desktop/FaceDetection/test10/aligned-images/Ariel_Sharon/Ariel_Sharon_0025.png
4,/home/deeplearning/Desktop/FaceDetection/test10/aligned-images/Leonardo_Dicaprio/Leonardo_Dicaprio_0006.png
4,/home/deeplearning/Desktop/FaceDetection/test10/aligned-images/Leonardo_Dicaprio/Leonardo_Dicaprio_0004.png
4,/home/deeplearning/Desktop/FaceDetection/test10/aligned-images/Leonardo_Dicaprio/Leonardo_Dicaprio_0005.png
4,/home/deeplearning/Desktop/FaceDetection/test10/aligned-images/Leonardo_Dicaprio/Leonardo_Dicaprio_0002.png
4,/home/deeplearning/Desktop/FaceDetection/test10/aligned-images/Leonardo_Dicaprio/Leonardo_Dicaprio_0003.png
4,/home/deeplearning/Desktop/FaceDetection/test10/aligned-images/Leonardo_Dicaprio/Leonardo_Dicaprio_0001.png
5,/home/deeplearning/Desktop/FaceDetection/test10/aligned-images/Jackie_Chan/Jackie_Chan_0005.png
5,/home/deeplearning/Desktop/FaceDetection/test10/aligned-images/Jackie_Chan/Jackie_Chan_0009.png
5,/home/deeplearning/Desktop/FaceDetection/test10/aligned-images/Jackie_Chan/Jackie_Chan_0002.png
5,/home/deeplearning/Desktop/FaceDetection/test10/aligned-images/Jackie_Chan/Jackie_Chan_0013.png
5,/home/deeplearning/Desktop/FaceDetection/test10/aligned-images/Jackie_Chan/Jackie_Chan_0007.png
5,/home/deeplearning/Desktop/FaceDetection/test10/aligned-images/Jackie_Chan/Jackie_Chan_0003.png
5,/home/deeplearning/Desktop/FaceDetection/test10/aligned-images/Jackie_Chan/Jackie_Chan_0010.png
5,/home/deeplearning/Desktop/FaceDetection/test10/aligned-images/Jackie_Chan/Jackie_Chan_0008.png
5,/home/deeplearning/Desktop/FaceDetection/test10/aligned-images/Jackie_Chan/Jackie_Chan_0012.png
5,/home/deeplearning/Desktop/FaceDetection/test10/aligned-images/Jackie_Chan/Jackie_Chan_0006.png
5,/home/deeplearning/Desktop/FaceDetection/test10/aligned-images/Jackie_Chan/Jackie_Chan_0011.png
5,/home/deeplearning/Desktop/FaceDetection/test10/aligned-images/Jackie_Chan/Jackie_Chan_0004.png
5,/home/deeplearning/Desktop/FaceDetection/test10/aligned-images/Jackie_Chan/Jackie_Chan_0001.png
6,/home/deeplearning/Desktop/FaceDetection/test10/aligned-images/Salma_Hayek/Salma_Hayek_0006.png
6,/home/deeplearning/Desktop/FaceDetection/test10/aligned-images/Salma_Hayek/Salma_Hayek_0005.png
6,/home/deeplearning/Desktop/FaceDetection/test10/aligned-images/Salma_Hayek/Salma_Hayek_0008.png
6,/home/deeplearning/Desktop/FaceDetection/test10/aligned-images/Salma_Hayek/Salma_Hayek_0009.png
6,/home/deeplearning/Desktop/FaceDetection/test10/aligned-images/Salma_Hayek/Salma_Hayek_0004.png
6,/home/deeplearning/Desktop/FaceDetection/test10/aligned-images/Salma_Hayek/Salma_Hayek_0010.png
6,/home/deeplearning/Desktop/FaceDetection/test10/aligned-images/Salma_Hayek/Salma_Hayek_0002.png
6,/home/deeplearning/Desktop/FaceDetection/test10/aligned-images/Salma_Hayek/Salma_Hayek_0013.png
6,/home/deeplearning/Desktop/FaceDetection/test10/aligned-images/Salma_Hayek/Salma_Hayek_0003.png
6,/home/deeplearning/Desktop/FaceDetection/test10/aligned-images/Salma_Hayek/Salma_Hayek_0012.png
6,/home/deeplearning/Desktop/FaceDetection/test10/aligned-images/Salma_Hayek/Salma_Hayek_0011.png
6,/home/deeplearning/Desktop/FaceDetection/test10/aligned-images/Salma_Hayek/Salma_Hayek_0007.png
6,/home/deeplearning/Desktop/FaceDetection/test10/aligned-images/Salma_Hayek/Salma_Hayek_0001.png
7,/home/deeplearning/Desktop/FaceDetection/test10/aligned-images/willsmith/willsmith3.png
7,/home/deeplearning/Desktop/FaceDetection/test10/aligned-images/willsmith/willsmith10.png
7,/home/deeplearning/Desktop/FaceDetection/test10/aligned-images/willsmith/willsmith6.png
7,/home/deeplearning/Desktop/FaceDetection/test10/aligned-images/willsmith/willsmith1.png
7,/home/deeplearning/Desktop/FaceDetection/test10/aligned-images/willsmith/willsmith8.png
7,/home/deeplearning/Desktop/FaceDetection/test10/aligned-images/willsmith/willsmith2.png
7,/home/deeplearning/Desktop/FaceDetection/test10/aligned-images/willsmith/willsmith7.png
7,/home/deeplearning/Desktop/FaceDetection/test10/aligned-images/willsmith/willsmith4.png
7,/home/deeplearning/Desktop/FaceDetection/test10/aligned-images/willsmith/willsmith9.png
7,/home/deeplearning/Desktop/FaceDetection/test10/aligned-images/willsmith/willsmith5.png
8,/home/deeplearning/Desktop/FaceDetection/test10/aligned-images/Adam_Sandler/Adam_Sandler_0010.png
8,/home/deeplearning/Desktop/FaceDetection/test10/aligned-images/Adam_Sandler/Adam_Sandler_0001.png
8,/home/deeplearning/Desktop/FaceDetection/test10/aligned-images/Adam_Sandler/Adam_Sandler_0003.png
8,/home/deeplearning/Desktop/FaceDetection/test10/aligned-images/Adam_Sandler/Adam_Sandler_0004.png
8,/home/deeplearning/Desktop/FaceDetection/test10/aligned-images/Adam_Sandler/Adam_Sandler_0009.png
8,/home/deeplearning/Desktop/FaceDetection/test10/aligned-images/Adam_Sandler/Adam_Sandler_0007.png
8,/home/deeplearning/Desktop/FaceDetection/test10/aligned-images/Adam_Sandler/Adam_Sandler_0002.png
8,/home/deeplearning/Desktop/FaceDetection/test10/aligned-images/Adam_Sandler/Adam_Sandler_0006.png
8,/home/deeplearning/Desktop/FaceDetection/test10/aligned-images/Adam_Sandler/Adam_Sandler_0005.png
8,/home/deeplearning/Desktop/FaceDetection/test10/aligned-images/Adam_Sandler/Adam_Sandler_0008.png
9,/home/deeplearning/Desktop/FaceDetection/test10/aligned-images/Priyanka_Chopra/Priyanka_Chopra_0002.png
9,/home/deeplearning/Desktop/FaceDetection/test10/aligned-images/Priyanka_Chopra/Priyanka_Chopra_0004.png
9,/home/deeplearning/Desktop/FaceDetection/test10/aligned-images/Priyanka_Chopra/Priyanka_Chopra_0005.png
9,/home/deeplearning/Desktop/FaceDetection/test10/aligned-images/Priyanka_Chopra/Priyanka_Chopra_0001.png
9,/home/deeplearning/Desktop/FaceDetection/test10/aligned-images/Priyanka_Chopra/Priyanka_Chopra_0008.png
9,/home/deeplearning/Desktop/FaceDetection/test10/aligned-images/Priyanka_Chopra/Priyanka_Chopra_0007.png
9,/home/deeplearning/Desktop/FaceDetection/test10/aligned-images/Priyanka_Chopra/Priyanka_Chopra_0010.png
9,/home/deeplearning/Desktop/FaceDetection/test10/aligned-images/Priyanka_Chopra/Priyanka_Chopra_0009.png
9,/home/deeplearning/Desktop/FaceDetection/test10/aligned-images/Priyanka_Chopra/Priyanka_Chopra_0003.png
9,/home/deeplearning/Desktop/FaceDetection/test10/aligned-images/Priyanka_Chopra/Priyanka_Chopra_0006.png
9,/home/deeplearning/Desktop/FaceDetection/test10/aligned-images/Priyanka_Chopra/Priyanka_Chopra_0012.png
9,/home/deeplearning/Desktop/FaceDetection/test10/aligned-images/Priyanka_Chopra/Priyanka_Chopra_0011.png
10,/home/deeplearning/Desktop/FaceDetection/test10/aligned-images/Nicolas_Cage/Nicolas_Cage_0007.png
10,/home/deeplearning/Desktop/FaceDetection/test10/aligned-images/Nicolas_Cage/Nicolas_Cage_0003.png
10,/home/deeplearning/Desktop/FaceDetection/test10/aligned-images/Nicolas_Cage/Nicolas_Cage_0004.png
10,/home/deeplearning/Desktop/FaceDetection/test10/aligned-images/Nicolas_Cage/Nicolas_Cage_0002.png
10,/home/deeplearning/Desktop/FaceDetection/test10/aligned-images/Nicolas_Cage/Nicolas_Cage_0006.png
10,/home/deeplearning/Desktop/FaceDetection/test10/aligned-images/Nicolas_Cage/Nicolas_Cage_0005.png
10,/home/deeplearning/Desktop/FaceDetection/test10/aligned-images/Nicolas_Cage/Nicolas_Cage_0008.png
10,/home/deeplearning/Desktop/FaceDetection/test10/aligned-images/Nicolas_Cage/Nicolas_Cage_0001.png
11,/home/deeplearning/Desktop/FaceDetection/test10/aligned-images/Adriana_Lima/Adriana_Lima_0001.png
11,/home/deeplearning/Desktop/FaceDetection/test10/aligned-images/Adriana_Lima/Adriana_Lima_0004.png
11,/home/deeplearning/Desktop/FaceDetection/test10/aligned-images/Adriana_Lima/Adriana_Lima_0006.png
11,/home/deeplearning/Desktop/FaceDetection/test10/aligned-images/Adriana_Lima/Adriana_Lima_0002.png
11,/home/deeplearning/Desktop/FaceDetection/test10/aligned-images/Adriana_Lima/Adriana_Lima_0005.png
11,/home/deeplearning/Desktop/FaceDetection/test10/aligned-images/Adriana_Lima/Adriana_Lima_0007.png
11,/home/deeplearning/Desktop/FaceDetection/test10/aligned-images/Adriana_Lima/Adriana_Lima_0003.png
12,/home/deeplearning/Desktop/FaceDetection/test10/aligned-images/Monica_Bellucci/Monica_Bellucci_0002.png
12,/home/deeplearning/Desktop/FaceDetection/test10/aligned-images/Monica_Bellucci/Monica_Bellucci_0006.png
12,/home/deeplearning/Desktop/FaceDetection/test10/aligned-images/Monica_Bellucci/Monica_Bellucci_0001.png
12,/home/deeplearning/Desktop/FaceDetection/test10/aligned-images/Monica_Bellucci/Monica_Bellucci_0010.png
12,/home/deeplearning/Desktop/FaceDetection/test10/aligned-images/Monica_Bellucci/Monica_Bellucci_0009.png
12,/home/deeplearning/Desktop/FaceDetection/test10/aligned-images/Monica_Bellucci/Monica_Bellucci_0004.png
12,/home/deeplearning/Desktop/FaceDetection/test10/aligned-images/Monica_Bellucci/Monica_Bellucci_0005.png
12,/home/deeplearning/Desktop/FaceDetection/test10/aligned-images/Monica_Bellucci/Monica_Bellucci_0007.png
12,/home/deeplearning/Desktop/FaceDetection/test10/aligned-images/Monica_Bellucci/Monica_Bellucci_0008.png
12,/home/deeplearning/Desktop/FaceDetection/test10/aligned-images/Monica_Bellucci/Monica_Bellucci_0003.png
13,/home/deeplearning/Desktop/FaceDetection/test10/aligned-images/George_Clooney/George_Clooney_0006.png
13,/home/deeplearning/Desktop/FaceDetection/test10/aligned-images/George_Clooney/George_Clooney_0005.png
13,/home/deeplearning/Desktop/FaceDetection/test10/aligned-images/George_Clooney/George_Clooney_0004.png
13,/home/deeplearning/Desktop/FaceDetection/test10/aligned-images/George_Clooney/George_Clooney_0009.png
13,/home/deeplearning/Desktop/FaceDetection/test10/aligned-images/George_Clooney/George_Clooney_0001.png
13,/home/deeplearning/Desktop/FaceDetection/test10/aligned-images/George_Clooney/George_Clooney_0003.png
13,/home/deeplearning/Desktop/FaceDetection/test10/aligned-images/George_Clooney/George_Clooney_0007.png
13,/home/deeplearning/Desktop/FaceDetection/test10/aligned-images/George_Clooney/George_Clooney_0002.png
13,/home/deeplearning/Desktop/FaceDetection/test10/aligned-images/George_Clooney/George_Clooney_0008.png
14,/home/deeplearning/Desktop/FaceDetection/test10/aligned-images/David_Beckham/David_Beckham_0026.png
14,/home/deeplearning/Desktop/FaceDetection/test10/aligned-images/David_Beckham/David_Beckham_0019.png
14,/home/deeplearning/Desktop/FaceDetection/test10/aligned-images/David_Beckham/David_Beckham_0004.png
14,/home/deeplearning/Desktop/FaceDetection/test10/aligned-images/David_Beckham/David_Beckham_0009.png
14,/home/deeplearning/Desktop/FaceDetection/test10/aligned-images/David_Beckham/David_Beckham_0013.png
14,/home/deeplearning/Desktop/FaceDetection/test10/aligned-images/David_Beckham/David_Beckham_0005.png
14,/home/deeplearning/Desktop/FaceDetection/test10/aligned-images/David_Beckham/David_Beckham_0018.png
14,/home/deeplearning/Desktop/FaceDetection/test10/aligned-images/David_Beckham/David_Beckham_0017.png
14,/home/deeplearning/Desktop/FaceDetection/test10/aligned-images/David_Beckham/David_Beckham_0029.png
14,/home/deeplearning/Desktop/FaceDetection/test10/aligned-images/David_Beckham/David_Beckham_0001.png
14,/home/deeplearning/Desktop/FaceDetection/test10/aligned-images/David_Beckham/David_Beckham_0015.png
14,/home/deeplearning/Desktop/FaceDetection/test10/aligned-images/David_Beckham/David_Beckham_0021.png
14,/home/deeplearning/Desktop/FaceDetection/test10/aligned-images/David_Beckham/David_Beckham_0028.png
14,/home/deeplearning/Desktop/FaceDetection/test10/aligned-images/David_Beckham/David_Beckham_0010.png
14,/home/deeplearning/Desktop/FaceDetection/test10/aligned-images/David_Beckham/David_Beckham_0012.png
14,/home/deeplearning/Desktop/FaceDetection/test10/aligned-images/David_Beckham/David_Beckham_0008.png
14,/home/deeplearning/Desktop/FaceDetection/test10/aligned-images/David_Beckham/David_Beckham_0022.png
14,/home/deeplearning/Desktop/FaceDetection/test10/aligned-images/David_Beckham/David_Beckham_0002.png
14,/home/deeplearning/Desktop/FaceDetection/test10/aligned-images/David_Beckham/David_Beckham_0023.png
14,/home/deeplearning/Desktop/FaceDetection/test10/aligned-images/David_Beckham/David_Beckham_0030.png
14,/home/deeplearning/Desktop/FaceDetection/test10/aligned-images/David_Beckham/David_Beckham_0014.png
14,/home/deeplearning/Desktop/FaceDetection/test10/aligned-images/David_Beckham/David_Beckham_0031.png
14,/home/deeplearning/Desktop/FaceDetection/test10/aligned-images/David_Beckham/David_Beckham_0007.png
14,/home/deeplearning/Desktop/FaceDetection/test10/aligned-images/David_Beckham/David_Beckham_0025.png
14,/home/deeplearning/Desktop/FaceDetection/test10/aligned-images/David_Beckham/David_Beckham_0016.png
14,/home/deeplearning/Desktop/FaceDetection/test10/aligned-images/David_Beckham/David_Beckham_0003.png
14,/home/deeplearning/Desktop/FaceDetection/test10/aligned-images/David_Beckham/David_Beckham_0020.png
14,/home/deeplearning/Desktop/FaceDetection/test10/aligned-images/David_Beckham/David_Beckham_0011.png
14,/home/deeplearning/Desktop/FaceDetection/test10/aligned-images/David_Beckham/David_Beckham_0027.png
14,/home/deeplearning/Desktop/FaceDetection/test10/aligned-images/David_Beckham/David_Beckham_0024.png
14,/home/deeplearning/Desktop/FaceDetection/test10/aligned-images/David_Beckham/David_Beckham_0006.png
15,/home/deeplearning/Desktop/FaceDetection/test10/aligned-images/tomcruise/tomcruise2.png
15,/home/deeplearning/Desktop/FaceDetection/test10/aligned-images/tomcruise/tomcruise5.png
15,/home/deeplearning/Desktop/FaceDetection/test10/aligned-images/tomcruise/tomcruise1.png
15,/home/deeplearning/Desktop/FaceDetection/test10/aligned-images/tomcruise/tomcruise6.png
15,/home/deeplearning/Desktop/FaceDetection/test10/aligned-images/tomcruise/tomcruise3.png
15,/home/deeplearning/Desktop/FaceDetection/test10/aligned-images/tomcruise/tomcruise4.png
15,/home/deeplearning/Desktop/FaceDetection/test10/aligned-images/tomcruise/tomcruise10.png
15,/home/deeplearning/Desktop/FaceDetection/test10/aligned-images/tomcruise/tomcruise9.png
15,/home/deeplearning/Desktop/FaceDetection/test10/aligned-images/tomcruise/tomcruise7.png
15,/home/deeplearning/Desktop/FaceDetection/test10/aligned-images/tomcruise/tomcruise8.png
16,/home/deeplearning/Desktop/FaceDetection/test10/aligned-images/Steven_Spielberg/Steven_Spielberg_0005.png
16,/home/deeplearning/Desktop/FaceDetection/test10/aligned-images/Steven_Spielberg/Steven_Spielberg_0004.png
16,/home/deeplearning/Desktop/FaceDetection/test10/aligned-images/Steven_Spielberg/Steven_Spielberg_0003.png
16,/home/deeplearning/Desktop/FaceDetection/test10/aligned-images/Steven_Spielberg/Steven_Spielberg_0001.png
16,/home/deeplearning/Desktop/FaceDetection/test10/aligned-images/Steven_Spielberg/Steven_Spielberg_0002.png
16,/home/deeplearning/Desktop/FaceDetection/test10/aligned-images/Steven_Spielberg/Steven_Spielberg_0007.png
16,/home/deeplearning/Desktop/FaceDetection/test10/aligned-images/Steven_Spielberg/Steven_Spielberg_0006.png
17,/home/deeplearning/Desktop/FaceDetection/test10/aligned-images/Reese_Witherspoon/Reese_Witherspoon_0003.png
17,/home/deeplearning/Desktop/FaceDetection/test10/aligned-images/Reese_Witherspoon/Reese_Witherspoon_0002.png
17,/home/deeplearning/Desktop/FaceDetection/test10/aligned-images/Reese_Witherspoon/Reese_Witherspoon_0001.png
17,/home/deeplearning/Desktop/FaceDetection/test10/aligned-images/Reese_Witherspoon/Reese_Witherspoon_0004.png
18,/home/deeplearning/Desktop/FaceDetection/test10/aligned-images/narendramodi/narendramodi0007.png
18,/home/deeplearning/Desktop/FaceDetection/test10/aligned-images/narendramodi/narendramodi0005.png
18,/home/deeplearning/Desktop/FaceDetection/test10/aligned-images/narendramodi/narendramodi0004.png
18,/home/deeplearning/Desktop/FaceDetection/test10/aligned-images/narendramodi/narendramodi0002.png
18,/home/deeplearning/Desktop/FaceDetection/test10/aligned-images/narendramodi/narendramodi0003.png
18,/home/deeplearning/Desktop/FaceDetection/test10/aligned-images/narendramodi/narendramodi0006.png
18,/home/deeplearning/Desktop/FaceDetection/test10/aligned-images/narendramodi/narendramodi0001.png
19,/home/deeplearning/Desktop/FaceDetection/test10/aligned-images/Justin_Timberlake/Justin_Timberlake_0007.png
19,/home/deeplearning/Desktop/FaceDetection/test10/aligned-images/Justin_Timberlake/Justin_Timberlake_0008.png
19,/home/deeplearning/Desktop/FaceDetection/test10/aligned-images/Justin_Timberlake/Justin_Timberlake_0002.png
19,/home/deeplearning/Desktop/FaceDetection/test10/aligned-images/Justin_Timberlake/Justin_Timberlake_0005.png
19,/home/deeplearning/Desktop/FaceDetection/test10/aligned-images/Justin_Timberlake/Justin_Timberlake_0001.png
19,/home/deeplearning/Desktop/FaceDetection/test10/aligned-images/Justin_Timberlake/Justin_Timberlake_0003.png
19,/home/deeplearning/Desktop/FaceDetection/test10/aligned-images/Justin_Timberlake/Justin_Timberlake_0006.png
19,/home/deeplearning/Desktop/FaceDetection/test10/aligned-images/Justin_Timberlake/Justin_Timberlake_0004.png
20,/home/deeplearning/Desktop/FaceDetection/test10/aligned-images/Donnie_Yen/Donnie_Yen_0001.png
20,/home/deeplearning/Desktop/FaceDetection/test10/aligned-images/Donnie_Yen/Donnie_Yen_0002.png
20,/home/deeplearning/Desktop/FaceDetection/test10/aligned-images/Donnie_Yen/Donnie_Yen_0004.png
20,/home/deeplearning/Desktop/FaceDetection/test10/aligned-images/Donnie_Yen/Donnie_Yen_0007.png
20,/home/deeplearning/Desktop/FaceDetection/test10/aligned-images/Donnie_Yen/Donnie_Yen_0008.png
20,/home/deeplearning/Desktop/FaceDetection/test10/aligned-images/Donnie_Yen/Donnie_Yen_0010.png
20,/home/deeplearning/Desktop/FaceDetection/test10/aligned-images/Donnie_Yen/Donnie_Yen_0003.png
20,/home/deeplearning/Desktop/FaceDetection/test10/aligned-images/Donnie_Yen/Donnie_Yen_0005.png
20,/home/deeplearning/Desktop/FaceDetection/test10/aligned-images/Donnie_Yen/Donnie_Yen_0006.png
20,/home/deeplearning/Desktop/FaceDetection/test10/aligned-images/Donnie_Yen/Donnie_Yen_0009.png
21,/home/deeplearning/Desktop/FaceDetection/test10/aligned-images/Abbas_Kiarostami/Abbas_Kiarostami_0002.png
21,/home/deeplearning/Desktop/FaceDetection/test10/aligned-images/Abbas_Kiarostami/Abbas_Kiarostami_0003.png
21,/home/deeplearning/Desktop/FaceDetection/test10/aligned-images/Abbas_Kiarostami/Abbas_Kiarostami_0005.png
21,/home/deeplearning/Desktop/FaceDetection/test10/aligned-images/Abbas_Kiarostami/Abbas_Kiarostami_0001.png
21,/home/deeplearning/Desktop/FaceDetection/test10/aligned-images/Abbas_Kiarostami/Abbas_Kiarostami_0004.png
22,/home/deeplearning/Desktop/FaceDetection/test10/aligned-images/Abdullah_Ahmad_Badawi/Abdullah_Ahmad_Badawi_0002.png
22,/home/deeplearning/Desktop/FaceDetection/test10/aligned-images/Abdullah_Ahmad_Badawi/Abdullah_Ahmad_Badawi_0004.png
22,/home/deeplearning/Desktop/FaceDetection/test10/aligned-images/Abdullah_Ahmad_Badawi/Abdullah_Ahmad_Badawi_0003.png
22,/home/deeplearning/Desktop/FaceDetection/test10/aligned-images/Abdullah_Ahmad_Badawi/Abdullah_Ahmad_Badawi_0005.png
22,/home/deeplearning/Desktop/FaceDetection/test10/aligned-images/Abdullah_Ahmad_Badawi/Abdullah_Ahmad_Badawi_0001.png
23,/home/deeplearning/Desktop/FaceDetection/test10/aligned-images/Paul_McCartney/Paul_McCartney_0007.png
23,/home/deeplearning/Desktop/FaceDetection/test10/aligned-images/Paul_McCartney/Paul_McCartney_0005.png
23,/home/deeplearning/Desktop/FaceDetection/test10/aligned-images/Paul_McCartney/Paul_McCartney_0002.png
23,/home/deeplearning/Desktop/FaceDetection/test10/aligned-images/Paul_McCartney/Paul_McCartney_0001.png
23,/home/deeplearning/Desktop/FaceDetection/test10/aligned-images/Paul_McCartney/Paul_McCartney_0003.png
23,/home/deeplearning/Desktop/FaceDetection/test10/aligned-images/Paul_McCartney/Paul_McCartney_0004.png
23,/home/deeplearning/Desktop/FaceDetection/test10/aligned-images/Paul_McCartney/Paul_McCartney_0006.png
24,/home/deeplearning/Desktop/FaceDetection/test10/aligned-images/Abdulaziz_Kamilov/Abdulaziz_Kamilov_0003.png
24,/home/deeplearning/Desktop/FaceDetection/test10/aligned-images/Abdulaziz_Kamilov/Abdulaziz_Kamilov_0001.png
24,/home/deeplearning/Desktop/FaceDetection/test10/aligned-images/Abdulaziz_Kamilov/Abdulaziz_Kamilov_0004.png
24,/home/deeplearning/Desktop/FaceDetection/test10/aligned-images/Abdulaziz_Kamilov/Abdulaziz_Kamilov_0002.png
24,/home/deeplearning/Desktop/FaceDetection/test10/aligned-images/Abdulaziz_Kamilov/Abdulaziz_Kamilov_0005.png
25,/home/deeplearning/Desktop/FaceDetection/test10/aligned-images/Pierce_Brosnan/Pierce_Brosnan_0006.png
25,/home/deeplearning/Desktop/FaceDetection/test10/aligned-images/Pierce_Brosnan/Pierce_Brosnan_0013.png
25,/home/deeplearning/Desktop/FaceDetection/test10/aligned-images/Pierce_Brosnan/Pierce_Brosnan_0007.png
25,/home/deeplearning/Desktop/FaceDetection/test10/aligned-images/Pierce_Brosnan/Pierce_Brosnan_0001.png
25,/home/deeplearning/Desktop/FaceDetection/test10/aligned-images/Pierce_Brosnan/Pierce_Brosnan_0009.png
25,/home/deeplearning/Desktop/FaceDetection/test10/aligned-images/Pierce_Brosnan/Pierce_Brosnan_0004.png
25,/home/deeplearning/Desktop/FaceDetection/test10/aligned-images/Pierce_Brosnan/Pierce_Brosnan_0014.png
25,/home/deeplearning/Desktop/FaceDetection/test10/aligned-images/Pierce_Brosnan/Pierce_Brosnan_0002.png
25,/home/deeplearning/Desktop/FaceDetection/test10/aligned-images/Pierce_Brosnan/Pierce_Brosnan_0003.png
25,/home/deeplearning/Desktop/FaceDetection/test10/aligned-images/Pierce_Brosnan/Pierce_Brosnan_0012.png
25,/home/deeplearning/Desktop/FaceDetection/test10/aligned-images/Pierce_Brosnan/Pierce_Brosnan_0008.png
25,/home/deeplearning/Desktop/FaceDetection/test10/aligned-images/Pierce_Brosnan/Pierce_Brosnan_0015.png
25,/home/deeplearning/Desktop/FaceDetection/test10/aligned-images/Pierce_Brosnan/Pierce_Brosnan_0010.png
25,/home/deeplearning/Desktop/FaceDetection/test10/aligned-images/Pierce_Brosnan/Pierce_Brosnan_0011.png
25,/home/deeplearning/Desktop/FaceDetection/test10/aligned-images/Pierce_Brosnan/Pierce_Brosnan_0005.png
26,/home/deeplearning/Desktop/FaceDetection/test10/aligned-images/Abdullah/Abdullah_0003.png
26,/home/deeplearning/Desktop/FaceDetection/test10/aligned-images/Abdullah/Abdullah_0004.png
26,/home/deeplearning/Desktop/FaceDetection/test10/aligned-images/Abdullah/Abdullah_0002.png
26,/home/deeplearning/Desktop/FaceDetection/test10/aligned-images/Abdullah/Abdullah_0001.png
27,/home/deeplearning/Desktop/FaceDetection/test10/aligned-images/Nicole_Kidman/Nicole_Kidman_0014.png
27,/home/deeplearning/Desktop/FaceDetection/test10/aligned-images/Nicole_Kidman/Nicole_Kidman_0006.png
27,/home/deeplearning/Desktop/FaceDetection/test10/aligned-images/Nicole_Kidman/Nicole_Kidman_0012.png
27,/home/deeplearning/Desktop/FaceDetection/test10/aligned-images/Nicole_Kidman/Nicole_Kidman_0002.png
27,/home/deeplearning/Desktop/FaceDetection/test10/aligned-images/Nicole_Kidman/Nicole_Kidman_0011.png
27,/home/deeplearning/Desktop/FaceDetection/test10/aligned-images/Nicole_Kidman/Nicole_Kidman_0010.png
27,/home/deeplearning/Desktop/FaceDetection/test10/aligned-images/Nicole_Kidman/Nicole_Kidman_0007.png
27,/home/deeplearning/Desktop/FaceDetection/test10/aligned-images/Nicole_Kidman/Nicole_Kidman_0017.png
27,/home/deeplearning/Desktop/FaceDetection/test10/aligned-images/Nicole_Kidman/Nicole_Kidman_0018.png
27,/home/deeplearning/Desktop/FaceDetection/test10/aligned-images/Nicole_Kidman/Nicole_Kidman_0015.png
27,/home/deeplearning/Desktop/FaceDetection/test10/aligned-images/Nicole_Kidman/Nicole_Kidman_0009.png
27,/home/deeplearning/Desktop/FaceDetection/test10/aligned-images/Nicole_Kidman/Nicole_Kidman_0005.png
27,/home/deeplearning/Desktop/FaceDetection/test10/aligned-images/Nicole_Kidman/Nicole_Kidman_0003.png
27,/home/deeplearning/Desktop/FaceDetection/test10/aligned-images/Nicole_Kidman/Nicole_Kidman_0013.png
27,/home/deeplearning/Desktop/FaceDetection/test10/aligned-images/Nicole_Kidman/Nicole_Kidman_0008.png
27,/home/deeplearning/Desktop/FaceDetection/test10/aligned-images/Nicole_Kidman/Nicole_Kidman_0016.png
27,/home/deeplearning/Desktop/FaceDetection/test10/aligned-images/Nicole_Kidman/Nicole_Kidman_0004.png
27,/home/deeplearning/Desktop/FaceDetection/test10/aligned-images/Nicole_Kidman/Nicole_Kidman_0019.png
27,/home/deeplearning/Desktop/FaceDetection/test10/aligned-images/Nicole_Kidman/Nicole_Kidman_0001.png
28,/home/deeplearning/Desktop/FaceDetection/test10/aligned-images/Saddam_Hussein/Saddam_Hussein_0023.png
28,/home/deeplearning/Desktop/FaceDetection/test10/aligned-images/Saddam_Hussein/Saddam_Hussein_0009.png
28,/home/deeplearning/Desktop/FaceDetection/test10/aligned-images/Saddam_Hussein/Saddam_Hussein_0018.png
28,/home/deeplearning/Desktop/FaceDetection/test10/aligned-images/Saddam_Hussein/Saddam_Hussein_0019.png
28,/home/deeplearning/Desktop/FaceDetection/test10/aligned-images/Saddam_Hussein/Saddam_Hussein_0006.png
28,/home/deeplearning/Desktop/FaceDetection/test10/aligned-images/Saddam_Hussein/Saddam_Hussein_0004.png
28,/home/deeplearning/Desktop/FaceDetection/test10/aligned-images/Saddam_Hussein/Saddam_Hussein_0021.png
28,/home/deeplearning/Desktop/FaceDetection/test10/aligned-images/Saddam_Hussein/Saddam_Hussein_0013.png
28,/home/deeplearning/Desktop/FaceDetection/test10/aligned-images/Saddam_Hussein/Saddam_Hussein_0003.png
28,/home/deeplearning/Desktop/FaceDetection/test10/aligned-images/Saddam_Hussein/Saddam_Hussein_0001.png
28,/home/deeplearning/Desktop/FaceDetection/test10/aligned-images/Saddam_Hussein/Saddam_Hussein_0017.png
28,/home/deeplearning/Desktop/FaceDetection/test10/aligned-images/Saddam_Hussein/Saddam_Hussein_0007.png
28,/home/deeplearning/Desktop/FaceDetection/test10/aligned-images/Saddam_Hussein/Saddam_Hussein_0002.png
28,/home/deeplearning/Desktop/FaceDetection/test10/aligned-images/Saddam_Hussein/Saddam_Hussein_0014.png
28,/home/deeplearning/Desktop/FaceDetection/test10/aligned-images/Saddam_Hussein/Saddam_Hussein_0005.png
28,/home/deeplearning/Desktop/FaceDetection/test10/aligned-images/Saddam_Hussein/Saddam_Hussein_0012.png
28,/home/deeplearning/Desktop/FaceDetection/test10/aligned-images/Saddam_Hussein/Saddam_Hussein_0015.png
28,/home/deeplearning/Desktop/FaceDetection/test10/aligned-images/Saddam_Hussein/Saddam_Hussein_0022.png
28,/home/deeplearning/Desktop/FaceDetection/test10/aligned-images/Saddam_Hussein/Saddam_Hussein_0016.png
28,/home/deeplearning/Desktop/FaceDetection/test10/aligned-images/Saddam_Hussein/Saddam_Hussein_0011.png
28,/home/deeplearning/Desktop/FaceDetection/test10/aligned-images/Saddam_Hussein/Saddam_Hussein_0008.png
28,/home/deeplearning/Desktop/FaceDetection/test10/aligned-images/Saddam_Hussein/Saddam_Hussein_0010.png
28,/home/deeplearning/Desktop/FaceDetection/test10/aligned-images/Saddam_Hussein/Saddam_Hussein_0020.png
29,/home/deeplearning/Desktop/FaceDetection/test10/aligned-images/Jennifer_Aniston/Jennifer_Aniston_0010.png
29,/home/deeplearning/Desktop/FaceDetection/test10/aligned-images/Jennifer_Aniston/Jennifer_Aniston_0012.png
29,/home/deeplearning/Desktop/FaceDetection/test10/aligned-images/Jennifer_Aniston/Jennifer_Aniston_0017.png
29,/home/deeplearning/Desktop/FaceDetection/test10/aligned-images/Jennifer_Aniston/Jennifer_Aniston_0007.png
29,/home/deeplearning/Desktop/FaceDetection/test10/aligned-images/Jennifer_Aniston/Jennifer_Aniston_0004.png
29,/home/deeplearning/Desktop/FaceDetection/test10/aligned-images/Jennifer_Aniston/Jennifer_Aniston_0006.png
29,/home/deeplearning/Desktop/FaceDetection/test10/aligned-images/Jennifer_Aniston/Jennifer_Aniston_0009.png
29,/home/deeplearning/Desktop/FaceDetection/test10/aligned-images/Jennifer_Aniston/Jennifer_Aniston_0005.png
29,/home/deeplearning/Desktop/FaceDetection/test10/aligned-images/Jennifer_Aniston/Jennifer_Aniston_0011.png
29,/home/deeplearning/Desktop/FaceDetection/test10/aligned-images/Jennifer_Aniston/Jennifer_Aniston_0001.png
29,/home/deeplearning/Desktop/FaceDetection/test10/aligned-images/Jennifer_Aniston/Jennifer_Aniston_0015.png
29,/home/deeplearning/Desktop/FaceDetection/test10/aligned-images/Jennifer_Aniston/Jennifer_Aniston_0002.png
29,/home/deeplearning/Desktop/FaceDetection/test10/aligned-images/Jennifer_Aniston/Jennifer_Aniston_0018.png
29,/home/deeplearning/Desktop/FaceDetection/test10/aligned-images/Jennifer_Aniston/Jennifer_Aniston_0014.png
29,/home/deeplearning/Desktop/FaceDetection/test10/aligned-images/Jennifer_Aniston/Jennifer_Aniston_0003.png
29,/home/deeplearning/Desktop/FaceDetection/test10/aligned-images/Jennifer_Aniston/Jennifer_Aniston_0019.png
29,/home/deeplearning/Desktop/FaceDetection/test10/aligned-images/Jennifer_Aniston/Jennifer_Aniston_0021.png
29,/home/deeplearning/Desktop/FaceDetection/test10/aligned-images/Jennifer_Aniston/Jennifer_Aniston_0020.png
29,/home/deeplearning/Desktop/FaceDetection/test10/aligned-images/Jennifer_Aniston/Jennifer_Aniston_0013.png
29,/home/deeplearning/Desktop/FaceDetection/test10/aligned-images/Jennifer_Aniston/Jennifer_Aniston_0008.png
29,/home/deeplearning/Desktop/FaceDetection/test10/aligned-images/Jennifer_Aniston/Jennifer_Aniston_0016.png
30,/home/deeplearning/Desktop/FaceDetection/test10/aligned-images/Cameron_Diaz/Cameron_Diaz_0001.png
30,/home/deeplearning/Desktop/FaceDetection/test10/aligned-images/Cameron_Diaz/Cameron_Diaz_0006.png
30,/home/deeplearning/Desktop/FaceDetection/test10/aligned-images/Cameron_Diaz/Cameron_Diaz_0005.png
30,/home/deeplearning/Desktop/FaceDetection/test10/aligned-images/Cameron_Diaz/Cameron_Diaz_0002.png
30,/home/deeplearning/Desktop/FaceDetection/test10/aligned-images/Cameron_Diaz/Cameron_Diaz_0003.png
30,/home/deeplearning/Desktop/FaceDetection/test10/aligned-images/Cameron_Diaz/Cameron_Diaz_0004.png
31,/home/deeplearning/Desktop/FaceDetection/test10/aligned-images/Aaron_Peirsol/Aaron_Peirsol_0004.png
31,/home/deeplearning/Desktop/FaceDetection/test10/aligned-images/Aaron_Peirsol/Aaron_Peirsol_0002.png
31,/home/deeplearning/Desktop/FaceDetection/test10/aligned-images/Aaron_Peirsol/Aaron_Peirsol_0001.png
31,/home/deeplearning/Desktop/FaceDetection/test10/aligned-images/Aaron_Peirsol/Aaron_Peirsol_0005.png
31,/home/deeplearning/Desktop/FaceDetection/test10/aligned-images/Aaron_Peirsol/Aaron_Peirsol_0003.png
32,/home/deeplearning/Desktop/FaceDetection/test10/aligned-images/Aaron_Eckhart/Aaron_Eckhart_0003.png
32,/home/deeplearning/Desktop/FaceDetection/test10/aligned-images/Aaron_Eckhart/Aaron_Eckhart_0005.png
32,/home/deeplearning/Desktop/FaceDetection/test10/aligned-images/Aaron_Eckhart/Aaron_Eckhart_0002.png
32,/home/deeplearning/Desktop/FaceDetection/test10/aligned-images/Aaron_Eckhart/Aaron_Eckhart_0001.png
32,/home/deeplearning/Desktop/FaceDetection/test10/aligned-images/Aaron_Eckhart/Aaron_Eckhart_0004.png
33,/home/deeplearning/Desktop/FaceDetection/test10/aligned-images/Adoor_Gopalakarishnan/Adoor_Gopalakarishnan_0004.png
33,/home/deeplearning/Desktop/FaceDetection/test10/aligned-images/Adoor_Gopalakarishnan/Adoor_Gopalakarishnan_0003.png
33,/home/deeplearning/Desktop/FaceDetection/test10/aligned-images/Adoor_Gopalakarishnan/Adoor_Gopalakarishnan_0001.png
33,/home/deeplearning/Desktop/FaceDetection/test10/aligned-images/Adoor_Gopalakarishnan/Adoor_Gopalakarishnan_0005.png
33,/home/deeplearning/Desktop/FaceDetection/test10/aligned-images/Adoor_Gopalakarishnan/Adoor_Gopalakarishnan_0002.png
33,/home/deeplearning/Desktop/FaceDetection/test10/aligned-images/Adoor_Gopalakarishnan/Adoor_Gopalakarishnan_0006.png
34,/home/deeplearning/Desktop/FaceDetection/test10/aligned-images/Aaron_Tippin/Aaron_Tippin_0003.png
34,/home/deeplearning/Desktop/FaceDetection/test10/aligned-images/Aaron_Tippin/Aaron_Tippin_0001.png
34,/home/deeplearning/Desktop/FaceDetection/test10/aligned-images/Aaron_Tippin/Aaron_Tippin_0004.png
34,/home/deeplearning/Desktop/FaceDetection/test10/aligned-images/Aaron_Tippin/Aaron_Tippin_0005.png
34,/home/deeplearning/Desktop/FaceDetection/test10/aligned-images/Aaron_Tippin/Aaron_Tippin_0002.png
35,/home/deeplearning/Desktop/FaceDetection/test10/aligned-images/Mick_Jagger/Mick_Jagger_0001.png
35,/home/deeplearning/Desktop/FaceDetection/test10/aligned-images/Mick_Jagger/Mick_Jagger_0005.png
35,/home/deeplearning/Desktop/FaceDetection/test10/aligned-images/Mick_Jagger/Mick_Jagger_0003.png
35,/home/deeplearning/Desktop/FaceDetection/test10/aligned-images/Mick_Jagger/Mick_Jagger_0004.png
35,/home/deeplearning/Desktop/FaceDetection/test10/aligned-images/Mick_Jagger/Mick_Jagger_0002.png
36,/home/deeplearning/Desktop/FaceDetection/test10/aligned-images/LeBron_James/LeBron_James_0004.png
36,/home/deeplearning/Desktop/FaceDetection/test10/aligned-images/LeBron_James/LeBron_James_0003.png
36,/home/deeplearning/Desktop/FaceDetection/test10/aligned-images/LeBron_James/LeBron_James_0001.png
36,/home/deeplearning/Desktop/FaceDetection/test10/aligned-images/LeBron_James/LeBron_James_0005.png
36,/home/deeplearning/Desktop/FaceDetection/test10/aligned-images/LeBron_James/LeBron_James_0002.png
37,/home/deeplearning/Desktop/FaceDetection/test10/aligned-images/Abdoulaye_Wade/Abdoulaye_Wade_0004.png
37,/home/deeplearning/Desktop/FaceDetection/test10/aligned-images/Abdoulaye_Wade/Abdoulaye_Wade_0006.png
37,/home/deeplearning/Desktop/FaceDetection/test10/aligned-images/Abdoulaye_Wade/Abdoulaye_Wade_0005.png
37,/home/deeplearning/Desktop/FaceDetection/test10/aligned-images/Abdoulaye_Wade/Abdoulaye_Wade_0002.png
37,/home/deeplearning/Desktop/FaceDetection/test10/aligned-images/Abdoulaye_Wade/Abdoulaye_Wade_0008.png
37,/home/deeplearning/Desktop/FaceDetection/test10/aligned-images/Abdoulaye_Wade/Abdoulaye_Wade_0007.png
37,/home/deeplearning/Desktop/FaceDetection/test10/aligned-images/Abdoulaye_Wade/Abdoulaye_Wade_0001.png
38,/home/deeplearning/Desktop/FaceDetection/test10/aligned-images/Michael_Jackson/Michael_Jackson_0010.png
38,/home/deeplearning/Desktop/FaceDetection/test10/aligned-images/Michael_Jackson/Michael_Jackson_0003.png
38,/home/deeplearning/Desktop/FaceDetection/test10/aligned-images/Michael_Jackson/Michael_Jackson_0005.png
38,/home/deeplearning/Desktop/FaceDetection/test10/aligned-images/Michael_Jackson/Michael_Jackson_0007.png
38,/home/deeplearning/Desktop/FaceDetection/test10/aligned-images/Michael_Jackson/Michael_Jackson_0002.png
38,/home/deeplearning/Desktop/FaceDetection/test10/aligned-images/Michael_Jackson/Michael_Jackson_0011.png
38,/home/deeplearning/Desktop/FaceDetection/test10/aligned-images/Michael_Jackson/Michael_Jackson_0006.png
38,/home/deeplearning/Desktop/FaceDetection/test10/aligned-images/Michael_Jackson/Michael_Jackson_0012.png
38,/home/deeplearning/Desktop/FaceDetection/test10/aligned-images/Michael_Jackson/Michael_Jackson_0004.png
38,/home/deeplearning/Desktop/FaceDetection/test10/aligned-images/Michael_Jackson/Michael_Jackson_0001.png
38,/home/deeplearning/Desktop/FaceDetection/test10/aligned-images/Michael_Jackson/Michael_Jackson_0009.png
38,/home/deeplearning/Desktop/FaceDetection/test10/aligned-images/Michael_Jackson/Michael_Jackson_0008.png
39,/home/deeplearning/Desktop/FaceDetection/test10/aligned-images/Aaron_Sorkin/Aaron_Sorkin_0003.png
39,/home/deeplearning/Desktop/FaceDetection/test10/aligned-images/Aaron_Sorkin/Aaron_Sorkin_0002.png
39,/home/deeplearning/Desktop/FaceDetection/test10/aligned-images/Aaron_Sorkin/Aaron_Sorkin_0001.png
39,/home/deeplearning/Desktop/FaceDetection/test10/aligned-images/Aaron_Sorkin/Aaron_Sorkin_0005.png
39,/home/deeplearning/Desktop/FaceDetection/test10/aligned-images/Aaron_Sorkin/Aaron_Sorkin_0004.png
40,/home/deeplearning/Desktop/FaceDetection/test10/aligned-images/JK_Rowling/JK_Rowling_0005.png
40,/home/deeplearning/Desktop/FaceDetection/test10/aligned-images/JK_Rowling/JK_Rowling_0003.png
40,/home/deeplearning/Desktop/FaceDetection/test10/aligned-images/JK_Rowling/JK_Rowling_0002.png
40,/home/deeplearning/Desktop/FaceDetection/test10/aligned-images/JK_Rowling/JK_Rowling_0004.png
40,/home/deeplearning/Desktop/FaceDetection/test10/aligned-images/JK_Rowling/JK_Rowling_0001.png
40,/home/deeplearning/Desktop/FaceDetection/test10/aligned-images/JK_Rowling/JK_Rowling_0006.png
41,/home/deeplearning/Desktop/FaceDetection/test10/aligned-images/Abel_Pacheco/Abel_Pacheco_0003.png
41,/home/deeplearning/Desktop/FaceDetection/test10/aligned-images/Abel_Pacheco/Abel_Pacheco_0002.png
41,/home/deeplearning/Desktop/FaceDetection/test10/aligned-images/Abel_Pacheco/Abel_Pacheco_0005.png
41,/home/deeplearning/Desktop/FaceDetection/test10/aligned-images/Abel_Pacheco/Abel_Pacheco_0004.png
41,/home/deeplearning/Desktop/FaceDetection/test10/aligned-images/Abel_Pacheco/Abel_Pacheco_0001.png
41,/home/deeplearning/Desktop/FaceDetection/test10/aligned-images/Abel_Pacheco/Abel_Pacheco_0006.png
42,/home/deeplearning/Desktop/FaceDetection/test10/aligned-images/Ar_Rahman/Ar_Rahman_0006.png
42,/home/deeplearning/Desktop/FaceDetection/test10/aligned-images/Ar_Rahman/Ar_Rahman_0002.png
42,/home/deeplearning/Desktop/FaceDetection/test10/aligned-images/Ar_Rahman/Ar_Rahman_0010.png
42,/home/deeplearning/Desktop/FaceDetection/test10/aligned-images/Ar_Rahman/Ar_Rahman_0008.png
42,/home/deeplearning/Desktop/FaceDetection/test10/aligned-images/Ar_Rahman/Ar_Rahman_0004.png
42,/home/deeplearning/Desktop/FaceDetection/test10/aligned-images/Ar_Rahman/Ar_Rahman_0009.png
42,/home/deeplearning/Desktop/FaceDetection/test10/aligned-images/Ar_Rahman/Ar_Rahman_0007.png
42,/home/deeplearning/Desktop/FaceDetection/test10/aligned-images/Ar_Rahman/Ar_Rahman_0003.png
42,/home/deeplearning/Desktop/FaceDetection/test10/aligned-images/Ar_Rahman/Ar_Rahman_0001.png
42,/home/deeplearning/Desktop/FaceDetection/test10/aligned-images/Ar_Rahman/Ar_Rahman_0005.png
43,/home/deeplearning/Desktop/FaceDetection/test10/aligned-images/Mahesh_Babu/Mahesh_Babu_0003.png
43,/home/deeplearning/Desktop/FaceDetection/test10/aligned-images/Mahesh_Babu/Mahesh_Babu_0001.png
43,/home/deeplearning/Desktop/FaceDetection/test10/aligned-images/Mahesh_Babu/Mahesh_Babu_0007.png
43,/home/deeplearning/Desktop/FaceDetection/test10/aligned-images/Mahesh_Babu/Mahesh_Babu_0008.png
43,/home/deeplearning/Desktop/FaceDetection/test10/aligned-images/Mahesh_Babu/Mahesh_Babu_0004.png
43,/home/deeplearning/Desktop/FaceDetection/test10/aligned-images/Mahesh_Babu/Mahesh_Babu_0005.png
43,/home/deeplearning/Desktop/FaceDetection/test10/aligned-images/Mahesh_Babu/Mahesh_Babu_0011.png
43,/home/deeplearning/Desktop/FaceDetection/test10/aligned-images/Mahesh_Babu/Mahesh_Babu_0009.png
43,/home/deeplearning/Desktop/FaceDetection/test10/aligned-images/Mahesh_Babu/Mahesh_Babu_0006.png
43,/home/deeplearning/Desktop/FaceDetection/test10/aligned-images/Mahesh_Babu/Mahesh_Babu_0012.png
43,/home/deeplearning/Desktop/FaceDetection/test10/aligned-images/Mahesh_Babu/Mahesh_Babu_0002.png
43,/home/deeplearning/Desktop/FaceDetection/test10/aligned-images/Mahesh_Babu/Mahesh_Babu_0010.png
44,/home/deeplearning/Desktop/FaceDetection/test10/aligned-images/aamirkhan/aamirkhan6.png
44,/home/deeplearning/Desktop/FaceDetection/test10/aligned-images/aamirkhan/aamirkhan7.png
44,/home/deeplearning/Desktop/FaceDetection/test10/aligned-images/aamirkhan/aamirkhan8.png
44,/home/deeplearning/Desktop/FaceDetection/test10/aligned-images/aamirkhan/aamirkhan2.png
44,/home/deeplearning/Desktop/FaceDetection/test10/aligned-images/aamirkhan/aamirkhan5.png
44,/home/deeplearning/Desktop/FaceDetection/test10/aligned-images/aamirkhan/aamirkhan9.png
44,/home/deeplearning/Desktop/FaceDetection/test10/aligned-images/aamirkhan/aamirkhan3.png
44,/home/deeplearning/Desktop/FaceDetection/test10/aligned-images/aamirkhan/aamirkhan1.png
44,/home/deeplearning/Desktop/FaceDetection/test10/aligned-images/aamirkhan/aamirkhan4.png
44,/home/deeplearning/Desktop/FaceDetection/test10/aligned-images/aamirkhan/aamirkhan10.png
45,/home/deeplearning/Desktop/FaceDetection/test10/aligned-images/Woody_Allen/Woody_Allen_0003.png
45,/home/deeplearning/Desktop/FaceDetection/test10/aligned-images/Woody_Allen/Woody_Allen_0001.png
45,/home/deeplearning/Desktop/FaceDetection/test10/aligned-images/Woody_Allen/Woody_Allen_0002.png
45,/home/deeplearning/Desktop/FaceDetection/test10/aligned-images/Woody_Allen/Woody_Allen_0004.png
45,/home/deeplearning/Desktop/FaceDetection/test10/aligned-images/Woody_Allen/Woody_Allen_0005.png
46,/home/deeplearning/Desktop/FaceDetection/test10/aligned-images/Abba_Eban/Abba_Eban_0003.png
46,/home/deeplearning/Desktop/FaceDetection/test10/aligned-images/Abba_Eban/Abba_Eban_0005.png
46,/home/deeplearning/Desktop/FaceDetection/test10/aligned-images/Abba_Eban/Abba_Eban_0002.png
46,/home/deeplearning/Desktop/FaceDetection/test10/aligned-images/Abba_Eban/Abba_Eban_0001.png
46,/home/deeplearning/Desktop/FaceDetection/test10/aligned-images/Abba_Eban/Abba_Eban_0004.png
47,/home/deeplearning/Desktop/FaceDetection/test10/aligned-images/Warren_Buffett/Warren_Buffett_0002.png
47,/home/deeplearning/Desktop/FaceDetection/test10/aligned-images/Warren_Buffett/Warren_Buffett_0001.png
47,/home/deeplearning/Desktop/FaceDetection/test10/aligned-images/Warren_Buffett/Warren_Buffett_0003.png
48,/home/deeplearning/Desktop/FaceDetection/test10/aligned-images/Aaron_Pena/Aaron_Pena_0001.png
48,/home/deeplearning/Desktop/FaceDetection/test10/aligned-images/Aaron_Pena/Aaron_Pena_0002.png
48,/home/deeplearning/Desktop/FaceDetection/test10/aligned-images/Aaron_Pena/Aaron_Pena_0005.png
48,/home/deeplearning/Desktop/FaceDetection/test10/aligned-images/Aaron_Pena/Aaron_Pena_0004.png
48,/home/deeplearning/Desktop/FaceDetection/test10/aligned-images/Aaron_Pena/Aaron_Pena_0003.png
49,/home/deeplearning/Desktop/FaceDetection/test10/aligned-images/Richard_Gere/Richard_Gere_0007.png
49,/home/deeplearning/Desktop/FaceDetection/test10/aligned-images/Richard_Gere/Richard_Gere_0010.png
49,/home/deeplearning/Desktop/FaceDetection/test10/aligned-images/Richard_Gere/Richard_Gere_0002.png
49,/home/deeplearning/Desktop/FaceDetection/test10/aligned-images/Richard_Gere/Richard_Gere_0001.png
49,/home/deeplearning/Desktop/FaceDetection/test10/aligned-images/Richard_Gere/Richard_Gere_0003.png
49,/home/deeplearning/Desktop/FaceDetection/test10/aligned-images/Richard_Gere/Richard_Gere_0004.png
49,/home/deeplearning/Desktop/FaceDetection/test10/aligned-images/Richard_Gere/Richard_Gere_0005.png
49,/home/deeplearning/Desktop/FaceDetection/test10/aligned-images/Richard_Gere/Richard_Gere_0009.png
49,/home/deeplearning/Desktop/FaceDetection/test10/aligned-images/Richard_Gere/Richard_Gere_0006.png
49,/home/deeplearning/Desktop/FaceDetection/test10/aligned-images/Richard_Gere/Richard_Gere_0008.png
50,/home/deeplearning/Desktop/FaceDetection/test10/aligned-images/Abdullah_Gul/Abdullah_Gul_0013.png
50,/home/deeplearning/Desktop/FaceDetection/test10/aligned-images/Abdullah_Gul/Abdullah_Gul_0011.png
50,/home/deeplearning/Desktop/FaceDetection/test10/aligned-images/Abdullah_Gul/Abdullah_Gul_0017.png
50,/home/deeplearning/Desktop/FaceDetection/test10/aligned-images/Abdullah_Gul/Abdullah_Gul_0014.png
50,/home/deeplearning/Desktop/FaceDetection/test10/aligned-images/Abdullah_Gul/Abdullah_Gul_0007.png
50,/home/deeplearning/Desktop/FaceDetection/test10/aligned-images/Abdullah_Gul/Abdullah_Gul_0018.png
50,/home/deeplearning/Desktop/FaceDetection/test10/aligned-images/Abdullah_Gul/Abdullah_Gul_0004.png
50,/home/deeplearning/Desktop/FaceDetection/test10/aligned-images/Abdullah_Gul/Abdullah_Gul_0006.png
50,/home/deeplearning/Desktop/FaceDetection/test10/aligned-images/Abdullah_Gul/Abdullah_Gul_0008.png
50,/home/deeplearning/Desktop/FaceDetection/test10/aligned-images/Abdullah_Gul/Abdullah_Gul_0015.png
50,/home/deeplearning/Desktop/FaceDetection/test10/aligned-images/Abdullah_Gul/Abdullah_Gul_0019.png
50,/home/deeplearning/Desktop/FaceDetection/test10/aligned-images/Abdullah_Gul/Abdullah_Gul_0010.png
50,/home/deeplearning/Desktop/FaceDetection/test10/aligned-images/Abdullah_Gul/Abdullah_Gul_0009.png
50,/home/deeplearning/Desktop/FaceDetection/test10/aligned-images/Abdullah_Gul/Abdullah_Gul_0012.png
50,/home/deeplearning/Desktop/FaceDetection/test10/aligned-images/Abdullah_Gul/Abdullah_Gul_0003.png
50,/home/deeplearning/Desktop/FaceDetection/test10/aligned-images/Abdullah_Gul/Abdullah_Gul_0005.png
50,/home/deeplearning/Desktop/FaceDetection/test10/aligned-images/Abdullah_Gul/Abdullah_Gul_0001.png
50,/home/deeplearning/Desktop/FaceDetection/test10/aligned-images/Abdullah_Gul/Abdullah_Gul_0002.png
50,/home/deeplearning/Desktop/FaceDetection/test10/aligned-images/Abdullah_Gul/Abdullah_Gul_0016.png
